|personal_or_business|business_number|vehicle_type|standard_or_express|platform|cancel_reason|cancelled_by|placement_day|placement_time|confirmation_day|confirmation_time|cancellation_day|cancellation_time|distance_(km)|pickup_lat|pickup_long|scheduled
0|Personal|-1|Bike|Express|ios||Customer|1|2019-07-27 15:23:44|1|2019-07-27 16:40:47|1|2019-07-27 16:43:50|4|-1.2993705|36.8221071|OnDemAND
1|Business|20680|Bike|Express|desktop||Staff|1|2019-07-27 14:21:46|1|2019-07-27 14:22:20|1|2019-07-27 14:30:48|17|-1.2644895|36.7893034|OnDemAND
2|Business|17968|Bike|Express|desktop||Customer|1|2019-07-27 15:13:20|1||1|2019-07-27 15:56:34|18|-1.4270561000000002|36.96149929999999|OnDemAND
3|Personal|-1|Bike|Standard|android||Customer|1|2019-07-27 13:54:19|1||1|2019-07-27 13:56:41|8|-1.3017371000000002|36.743936|OnDemAND
4|Personal|-1|Bike|Standard|android||Staff|1|2019-07-27 13:24:05|1|2019-07-27 15:57:20|1|2019-07-27 17:14:46|13|-1.3080976999999998|36.920464200000005|Scheduled
5|Personal|-1|Bike|Express|android||Customer|1|2019-07-27 17:25:37|1||1|2019-07-27 19:03:28|6|-1.2909028999999999|36.795503000000004|OnDemAND
6|Personal|-1|Bike|Standard|android||Customer|1|2019-07-27 10:00:42|1|2019-07-27 10:42:28|1|2019-07-27 11:31:24|6|-1.268865|36.765106|OnDemAND
7|Business|44464|Bike|Express|desktop||Customer|1|2019-07-27 11:50:46|1|2019-07-27 11:51:15|1|2019-07-27 11:51:17|60|-1.3254347|36.869036200000004|OnDemAND
8|Personal|-1|Bike|Standard|ios||Customer|1|2019-07-27 16:00:06|1||1|2019-07-27 16:00:46|14|-1.2157391000000002|36.8355088|Scheduled
9|Personal|-1|Bike|Express|ios||Customer|1|2019-07-27 10:35:26|1|2019-07-27 11:41:36|1|2019-07-27 11:43:58|5|-1.2536961000000002|36.7958345|OnDemAND
10|Personal|-1|Bike|Express|android||Customer|1|2019-07-27 08:50:51|1||1|2019-07-27 08:52:45|33|-1.3020408|36.814117200000005|OnDemAND
11|Personal|-1|Bike|Standard|ios||Staff|1|2019-07-27 17:55:12|1||1|2019-07-27 19:43:08|5|-1.2877889999999999|36.83019|OnDemAND
12|Business|20680|Bike|Express|desktop||Customer|1|2019-07-27 14:22:53|1|2019-07-27 14:23:13|1|2019-07-27 14:23:29|17|-1.2619895|36.7876034|OnDemAND
13|Business|17968|Bike|Express|desktop||Customer|1|2019-07-27 10:55:23|1|2019-07-27 10:55:52|1|2019-07-27 10:55:56|14|-1.305121|36.832895|OnDemAND
14|Business|14608|Bike|Standard|desktop||Customer|1|2019-07-27 15:07:23|1||1|2019-07-27 15:29:44|14|-1.3256048|36.86841879999999|OnDemAND
15|Personal|-1|Bike|Standard|android||Customer|1|2019-07-27 14:19:45|1||1|2019-07-27 14:32:18|9|-1.3075097|36.7404062|OnDemAND
16|Personal|-1|Bike|Express|ios||Staff|2|2019-07-27 17:13:52|2||2|2019-07-27 03:00:49|9|-1.2721846|36.806102200000005|OnDemAND
17|Personal|-1|Bike|Express|desktop||Customer|1|2019-07-27 10:49:22|1|2019-07-27 10:49:35|1|2019-07-27 10:49:36|5|-1.3004062|36.829741|OnDemAND
18|Personal|-1|Bike|Express|android||Staff|2|2019-07-27 14:10:43|2||2|2019-07-27 03:00:49|44|-1.1024279|37.0098672|OnDemAND
19|Business|30244|Bike|Express|desktop||Customer|1|2019-07-27 14:28:43|1||1|2019-07-27 14:29:43|24|-1.2950638|36.7651028|OnDemAND
20|Business|17968|Bike|Express|desktop||Customer|1|2019-07-27 12:41:50|1||1|2019-07-27 13:27:20|18|-1.4272561000000001|36.9618993|OnDemAND
21|Personal|-1|Bike|Express|ios||Customer|1|2019-07-27 14:34:52|1||1|2019-07-27 14:39:29|15|-1.2684754999999999|36.8091436|OnDemAND
22|Personal|-1|Bike|Standard|android||Customer|1|2019-07-27 12:07:57|1||1|2019-07-27 12:08:06|13|-1.219526|36.8914938|OnDemAND
23|Personal|-1|Bike|Express|ios||Customer|1|2019-07-27 07:24:25|1||1|2019-07-27 07:28:34|9|-1.2228789|36.783023799999995|OnDemAND
24|Personal|-1|Bike|Standard|android||Staff|1|2019-07-27 11:09:14|1||1|2019-07-27 13:04:32|13|-1.2677497|36.7728008|Scheduled
25|Business|32692|Bike|Express|API||Staff|1|2019-07-27 09:34:47|1|2019-07-27 10:35:33|1|2019-07-27 11:03:51|0|-1.3265904|36.8722943|OnDemAND
26|Personal|-1|Bike|Express|ios||Customer|1|2019-07-27 07:31:49|1||1|2019-07-27 07:34:55|9|-1.2173789|36.780223799999995|OnDemAND
27|Personal|-1|Bike|Express|ios||Customer|1|2019-07-27 13:02:31|1||1|2019-07-27 13:22:57|12|-1.2891667|36.8260756|OnDemAND
28|Business|55372|Bike|Express|desktop||Staff|1|2019-07-27 15:53:21|1|2019-07-27 15:54:51|1|2019-07-27 16:34:58|11|-1.3082629|36.8513778|OnDemAND
29|Business|62536|Bike|Standard|desktop||Customer|1|2019-07-27 14:49:01|1|2019-07-27 15:57:19|1|2019-07-27 17:01:09|16|-1.3474735|36.7201064|OnDemAND
30|Business|17968|Bike|Standard|desktop||Customer|1|2019-07-27 13:23:22|1||1|2019-07-27 13:25:45|11|-1.4275561|36.9656993|OnDemAND
31|Business|40300|Bike|Express|desktop||Customer|1|2019-07-27 14:23:44|1||1|2019-07-27 14:24:04|27|-1.3313547|36.8954035|OnDemAND
32|Personal|-1|Bike|Standard|ios||Staff|2|2019-07-27 14:48:43|2|2019-07-27 15:57:20|2|2019-07-27 09:43:48|6|-1.2591259|36.7880494|OnDemAND
33|Personal|-1|Bike|Express|android||Staff|1|2019-07-27 00:00:04|1||1|2019-07-27 03:00:34|0|-1.3027066|36.7676423|OnDemAND
34|Business|20680|Bike|Standard|android||Customer|1|2019-07-27 17:01:05|1|2019-07-27 19:21:59|1|2019-07-27 19:43:36|9|-1.2620895|36.781203399999995|OnDemAND
35|Business|32692|Bike|Express|API||Staff|1|2019-07-27 16:24:38|1|2019-07-27 18:07:27|1|2019-07-27 19:20:55|0|-1.3260903999999998|36.8745943|OnDemAND
36|Business|20680|Bike|Express|desktop||Customer|1|2019-07-27 13:14:10|1||1|2019-07-27 15:21:46|23|-1.3476066|36.7626638|Scheduled
37|Personal|-1|Bike|Express|ios||Customer|1|2019-07-27 16:25:52|1||1|2019-07-27 16:32:54|5|-1.2677366|36.757918700000005|OnDemAND
38|Personal|-1|Bike|Standard|ios||Customer|1|2019-07-27 14:29:37|1|2019-07-27 14:43:23|1|2019-07-27 14:53:26|16|-1.2844548999999998|36.7708935|OnDemAND
39|Personal|-1|Bike|Standard|ios||Staff|1|2019-07-27 17:54:31|1||1|2019-07-27 19:40:57|7|-1.290189|36.82979|OnDemAND
40|Personal|-1|Bike|Express|ios||Customer|1|2019-07-27 15:11:55|1||1|2019-07-27 15:17:53|4|-1.2895072|36.78535170000001|OnDemAND
41|Business|58084|Bike|Express|android||Customer|1|2019-07-27 15:22:38|1||1|2019-07-27 15:40:04|14|-1.2571663999999998|36.8151273|OnDemAND
42|Personal|-1|Bike|Standard|android||Customer|1|2019-07-27 12:04:55|1||1|2019-07-27 12:15:02|4|-1.2982877|36.8217159|OnDemAND
43|Personal|-1|Bike|Express|android||Customer|1|2019-07-27 15:21:53|1||1|2019-07-27 15:22:11|8|-1.2279041000000002|36.8096029|OnDemAND
44|Business|31348|Bike|Express|desktop||Staff|1|2019-07-27 16:17:23|1|2019-07-27 16:49:48|1|2019-07-27 17:02:58|5|-1.2796708|36.8247093|OnDemAND
45|Personal|-1|Bike|Standard|desktop||Customer|1|2019-07-27 11:07:17|1||1|2019-07-27 11:11:45|15|-1.3605832|36.7389275|OnDemAND
46|Business|55372|Bike|Express|desktop||Staff|1|2019-07-27 16:05:07|1|2019-07-27 16:07:17|1|2019-07-27 16:26:59|11|-1.3044628999999999|36.8471778|OnDemAND
47|Business|17968|Bike|Express|desktop||Customer|1|2019-07-27 13:34:26|1|2019-07-27 15:51:23|1|2019-07-27 17:01:46|5|-1.2870694|36.8262625|OnDemAND
48|Personal|-1|Bike|Standard|desktop||Staff|1|2019-07-27 16:47:47|1||1|2019-07-27 16:54:57|22|-1.3338944|36.8856329|OnDemAND
49|Personal|-1|Bike|Standard|ios||Customer|1|2019-07-27 08:45:43|1||1|2019-07-27 10:35:00|32|-1.2238930000000001|36.707187|OnDemAND
50|Business|10900|Bike|Express|desktop||Staff|1|2019-07-27 15:52:01|1|2019-07-27 15:52:31|1|2019-07-27 16:42:40|7|-1.304235|36.7780054|OnDemAND
51|Personal|-1|Bike|Standard|android||Customer|1|2019-07-27 12:09:20|1||1|2019-07-27 12:14:55|10|-1.2684568|36.792395299999995|OnDemAND
52|Business|20680|Bike|Express|desktop||Customer|1|2019-07-27 16:11:57|1|2019-07-27 16:12:58|1|2019-07-27 17:13:51|2|-1.342633|36.75427|OnDemAND
53|Personal|-1|Bike|Standard|android||Customer|1|2019-07-27 15:14:27|1|2019-07-27 15:31:18|1|2019-07-27 16:08:05|5|-1.2892233999999998|36.7850464|OnDemAND
54|Business|17968|Bike|Express|desktop||Customer|1|2019-07-27 16:00:22|1||1|2019-07-27 16:35:53|5|-1.2805063|36.82449329999999|OnDemAND
55|Personal|-1|Bike|Standard|android||Customer|1|2019-07-27 12:48:15|1||1|2019-07-27 14:10:10|12|-1.2847121000000001|36.7838524|OnDemAND
56|Business|27184|Bike|Express|desktop||Customer|1|2019-07-27 15:38:03|1||1|2019-07-27 15:50:58|4|-1.2757636|36.823032299999994|OnDemAND
57|Personal|-1|Bike|Standard|ios||Customer|1|2019-07-27 09:48:53|1||1|2019-07-27 10:04:36|8|-1.2726249|36.8204151|OnDemAND
58|Business|22996|Bike|Express|desktop||Staff|1|2019-07-27 11:04:13|1|2019-07-27 11:05:35|1|2019-07-27 11:11:50|17|-1.3051097|36.7742221|OnDemAND
59|Personal|-1|Bike|Express|ios||Staff|2|2019-07-27 16:03:18|2||2|2019-07-27 03:00:49|23|-1.3764696|36.7671651|OnDemAND
60|Business|32692|Bike|Express|API||Staff|2|2019-07-27 17:42:31|2||2|2019-07-27 03:00:49|0|-1.3270904|36.872394299999996|OnDemAND
61|Business|52588|Bike|Standard|desktop||Staff|1|2019-07-27 14:50:44|1|2019-07-27 17:01:13|1|2019-07-27 17:06:46|15|-1.2139992|36.8705545|OnDemAND
62|Business|17968|Bike|Express|desktop||Customer|1|2019-07-27 14:05:52|1||1|2019-07-27 14:06:04|12|-1.299221|36.834995|OnDemAND
63|Personal|-1|Bike|Express|android||Customer|1|2019-07-27 08:29:43|1||1|2019-07-27 08:36:01|5|-1.1454008999999998|36.9367985|OnDemAND
64|Business|20680|Bike|Express|android||Customer|1|2019-07-27 12:32:39|1|2019-07-27 12:33:38|1|2019-07-27 12:34:23|2|-1.2606118|36.805774299999996|OnDemAND
65|Business|59584|Bike|Express|desktop||Staff|1|2019-07-27 08:34:44|1|2019-07-27 08:35:49|1|2019-07-27 08:53:36|7|-1.2755832|36.8218719|OnDemAND
66|Personal|-1|Bike|Express|android||Staff|2|2019-07-27 15:24:16|2||2|2019-07-27 03:00:49|17|-1.2697989|36.8508035|OnDemAND
67|Business|32692|Bike|Express|API||Staff|1|2019-07-27 16:24:38|1|2019-07-27 16:50:06|1|2019-07-27 17:14:11|0|-1.3294903999999999|36.8739943|OnDemAND
68|Business|32692|Bike|Express|API||Staff|1|2019-07-27 17:42:29|1|2019-07-27 19:21:52|1|2019-07-27 19:24:56|0|-1.3296903999999998|36.8760943|OnDemAND
69|Business|29236|Bike|Standard|desktop||Customer|1|2019-07-27 08:39:06|1||1|2019-07-27 08:45:58|4|-1.3159113000000002|36.8391563|OnDemAND
70|Business|44464|Bike|Express|desktop||Staff|1|2019-07-27 15:06:29|1|2019-07-27 15:07:37|1|2019-07-27 15:15:45|11|-1.2667536|36.8036814|OnDemAND
71|Personal|-1|Bike|Standard|android||Customer|1|2019-07-27 13:25:45|1||1|2019-07-27 13:28:27|6|-1.2688840000000001|36.7684128|OnDemAND
72|Business|20680|Bike|Standard|android||Customer|1|2019-07-27 12:44:53|1||1|2019-07-27 12:45:37|18|-1.2649019|36.809877|OnDemAND
73|Business|22996|Bike|Standard|desktop||Staff|1|2019-07-27 17:20:27|1||1|2019-07-27 17:21:02|2|-1.3053706|36.7706174|OnDemAND
74|Business|32692|Bike|Express|API||Staff|1|2019-07-27 10:40:13|1||1|2019-07-27 11:03:34|0|-1.3278903999999998|36.866594299999996|OnDemAND
75|Personal|-1|Bike|Standard|android||Customer|1|2019-07-27 08:55:33|1|2019-07-27 09:12:47|1|2019-07-27 12:36:09|30|-1.2509931|36.80370870000001|OnDemAND
76|Business|20680|Bike|Express|desktop||Customer|1|2019-07-27 13:21:21|1||1|2019-07-27 13:28:00|8|-1.205446|36.7925976|OnDemAND
77|Personal|-1|Bike|Express|android||Customer|1|2019-07-27 15:14:36|1||1|2019-07-27 16:48:06|8|-1.2245041|36.8020029|OnDemAND
78|Business|29236|Bike|Express|desktop||Customer|1|2019-07-27 16:04:08|1||1|2019-07-27 16:11:50|8|-1.3249113000000001|36.8294563|OnDemAND
79|Personal|-1|Bike|Standard|android||Customer|1|2019-07-27 11:54:36|1||1|2019-07-27 12:04:12|30|-1.2082728|36.878831899999994|OnDemAND
80|Business|32692|Bike|Express|API||Staff|1|2019-07-27 10:59:24|1||1|2019-07-27 11:03:27|0|-1.3287904|36.8726943|OnDemAND
81|Personal|-1|Bike|Express|android||Customer|1|2019-07-27 10:06:00|1|2019-07-27 10:53:53|1|2019-07-27 10:56:26|26|-1.2821371000000001|36.9812394|OnDemAND
82|Business|20680|Bike|Standard|android||Customer|1|2019-07-27 12:30:59|1|2019-07-27 13:30:18|1|2019-07-27 15:58:13|18|-1.2666143|36.806800200000005|OnDemAND
83|Business|29236|Bike|Express|desktop||Customer|1|2019-07-27 10:09:26|1||1|2019-07-27 10:11:02|9|-1.2621185|36.7868057|OnDemAND
84|Personal|-1|Bike|Standard|ios||Customer|1|2019-07-27 12:23:25|1||1|2019-07-27 12:32:02|11|-1.3065122|36.8256218|OnDemAND
85|Personal|-1|Bike|Standard|android||Staff|1|2019-07-27 11:30:37|1|2019-07-27 12:27:48|1|2019-07-27 15:56:42|17|-1.3467280000000001|36.76677960000001|OnDemAND
86|Personal|-1|Bike|Express|android||Customer|1|2019-07-27 10:28:20|1||1|2019-07-27 10:37:10|12|-1.3216931|36.7027102|OnDemAND
87|Personal|-1|Bike|Standard|ios||Customer|1|2019-07-27 13:34:19|1||1|2019-07-27 13:36:39|5|-1.2682643|36.815521399999994|OnDemAND
88|Personal|-1|Bike|Standard|android||Customer|1|2019-07-27 11:38:57|1||1|2019-07-27 11:39:17|11|-1.3203303999999998|36.81548170000001|OnDemAND
89|Personal|-1|Bike|Express|android||Customer|1|2019-07-27 15:09:17|1||1|2019-07-27 15:43:58|5|-1.2669086999999999|36.8089342|OnDemAND
90|Personal|-1|Bike|Standard|ios||Customer|1|2019-07-27 12:49:10|1|2019-07-27 12:58:27|1|2019-07-27 13:01:43|13|-1.321699|36.7842633|OnDemAND
91|Business|29236|Bike|Express|desktop||Customer|1|2019-07-27 16:13:55|1|2019-07-27 16:14:55|1|2019-07-27 16:52:43|14|-1.3215113|36.8350563|OnDemAND
92|Personal|-1|Bike|Standard|ios||Customer|1|2019-07-27 18:07:18|1||1|2019-07-27 20:11:43|28|-1.3827076|36.7457346|OnDemAND
93|Business|32692|Bike|Express|API||Staff|2|2019-07-27 22:07:57|2||2|2019-07-27 03:00:49|0|-1.3287904|36.869994299999995|OnDemAND
94|Business|32692|Bike|Express|API||Staff|2|2019-07-27 19:46:35|2||2|2019-07-27 03:00:49|0|-1.3290904|36.8752943|OnDemAND
95|Business|22996|Bike|Standard|desktop||Staff|1|2019-07-27 17:47:18|1||1|2019-07-27 17:50:17|15|-1.3058706|36.7683174|OnDemAND
96|Business|32692|Bike|Express|API||Staff|2|2019-07-27 19:12:05|2||2|2019-07-27 03:00:49|0|-1.3261903999999998|36.870894299999996|OnDemAND
97|Business|32692|Bike|Express|API||Staff|2|2019-07-27 22:42:08|2||2|2019-07-27 03:00:48|0|-1.3298903999999998|36.8739943|OnDemAND
98|Business|45724|Bike|Standard|android||Customer|1|2019-07-27 19:46:16|1||1|2019-07-27 19:48:36|9|-1.3243263|36.7150818|Scheduled
99|Business|32692|Bike|Express|API||Staff|2|2019-07-27 19:12:06|2||2|2019-07-27 03:00:49|0|-1.3262903999999998|36.874294299999995|OnDemAND
100|Personal|-1|Bike|Express|android||Staff|2|2019-07-27 18:49:58|2||2|2019-07-27 03:00:49|21|-1.225863|36.9198565|OnDemAND
101|Business|32692|Bike|Express|API||Staff|2|2019-07-27 22:07:57|2||2|2019-07-27 03:00:48|0|-1.3322903999999998|36.8705943|OnDemAND
102|Business|32692|Bike|Express|API||Staff|2|2019-07-27 22:42:08|2||2|2019-07-27 03:00:48|0|-1.3315903999999998|36.8767943|OnDemAND
103|Business|32692|Bike|Express|API||Staff|2|2019-07-27 19:46:54|2||2|2019-07-27 03:00:49|0|-1.3348904|36.8661943|OnDemAND
104|Personal|-1|Bike|Standard|android||Customer|1|2019-07-27 21:32:47|1||1|2019-07-27 21:33:03|21|-1.2041276|36.905075700000005|OnDemAND
105|Personal|-1|Bike|Standard|android||Staff|2|2019-07-27 19:24:50|2||2|2019-07-27 03:00:49|17|-1.2594571|36.7822547|OnDemAND
106|Business|32692|Bike|Express|API||Staff|2|2019-07-27 21:47:39|2||2|2019-07-27 03:00:49|0|-1.3259903999999998|36.8737943|OnDemAND
107|Business|32692|Bike|Express|API||Staff|2|2019-07-27 21:47:46|2||2|2019-07-27 03:00:49|0|-1.3301903999999998|36.8696943|OnDemAND
108|Business|32692|Bike|Express|API||Staff|4|2019-07-27 16:14:19|4|2019-07-27 18:18:16|4|2019-07-27 20:01:52|0|-1.3237903999999998|36.8724943|OnDemAND
109|Business|32692|Bike|Express|API||Staff|5|2019-07-27 15:14:45|5||5|2019-07-27 03:00:49|0|-1.3338903999999998|36.8690943|OnDemAND
110|Business|20680|Bike|Express|android||Customer|4|2019-07-27 19:17:34|4||4|2019-07-27 20:00:40|6|-1.2997007999999999|36.762368|OnDemAND
111|Personal|-1|Bike|Standard|android||Customer|4|2019-07-27 14:48:19|4|2019-07-27 14:59:21|4|2019-07-27 17:15:24|10|-1.2839056|36.7681886|OnDemAND
112|Business|40300|Bike|Express|desktop||Staff|4|2019-07-27 14:52:38|4||4|2019-07-27 15:21:12|14|-1.264628|36.818708|OnDemAND
113|Business|17968|Bike|Express|desktop||Customer|4|2019-07-27 16:35:41|4||4|2019-07-27 17:02:14|6|-1.3043209999999998|36.836095|OnDemAND
114|Business|20680|Bike|Express|desktop||Staff|5|2019-07-27 15:31:50|5|2019-07-27 18:51:38|5|2019-07-27 03:00:49|7|-1.3161243999999999|36.8549505|Scheduled
115|Business|32692|Bike|Express|API||Staff|5|2019-07-27 15:14:58|5||5|2019-07-27 03:00:49|0|-1.3348904|36.8692943|OnDemAND
116|Personal|-1|Bike|Standard|desktop||Customer|4|2019-07-27 14:49:56|4||4|2019-07-27 14:50:15|16|-1.3431863000000002|36.76869310000001|OnDemAND
117|Business|40300|Bike|Standard|android||Customer|4|2019-07-27 16:06:15|4|2019-07-27 16:14:57|4|2019-07-27 17:02:24|12|-1.2536926000000002|36.8020685|OnDemAND
118|Business|40300|Bike|Express|desktop||Customer|4|2019-07-27 16:23:38|4||4|2019-07-27 16:49:43|8|-1.257837|36.796849|OnDemAND
119|Personal|-1|Bike|Express|android||Customer|4|2019-07-27 20:50:19|4|2019-07-27 20:51:33|4|2019-07-27 21:06:26|21|-1.271511|36.7973896|OnDemAND
120|Personal|-1|Bike|Standard|android||Staff|5|2019-07-27 15:10:33|5||5|2019-07-27 03:00:49|17|-1.318935|36.833539|OnDemAND
121|Business|20680|Bike|Standard|desktop||Staff|4|2019-07-27 15:50:35|4|2019-07-27 15:59:04|4|2019-07-27 18:09:41|10|-1.2842736000000001|36.851164600000004|OnDemAND
122|Business|20680|Bike|Standard|desktop||Staff|4|2019-07-27 15:48:51|4|2019-07-27 15:59:04|4|2019-07-27 18:08:40|9|-1.2925461|36.7571381|OnDemAND
123|Business|20680|Bike|Express|desktop||Staff|4|2019-07-27 17:13:05|4|2019-07-27 17:14:00|4|2019-07-27 18:03:43|13|-1.2624958|36.8033131|OnDemAND
124|Business|22996|Bike|Standard|android||Staff|4|2019-07-27 14:41:04|4|2019-07-27 14:59:21|4|2019-07-27 19:07:10|7|-1.26051|36.7726826|OnDemAND
125|Personal|-1|Bike|Express|android||Customer|4|2019-07-27 21:07:07|4||4|2019-07-27 21:13:02|21|-1.2706110000000002|36.7899896|OnDemAND
126|Personal|-1|Bike|Express|android||Customer|4|2019-07-27 15:01:55|4|2019-07-27 15:02:23|4|2019-07-27 15:06:52|18|-1.3445483|36.9085081|OnDemAND
127|Business|32692|Bike|Express|API||Staff|4|2019-07-27 15:59:51|4|2019-07-27 16:00:29|4|2019-07-27 16:09:05|0|-1.3248904|36.8767943|OnDemAND
128|Business|16312|Bike|Standard|desktop||Customer|4|2019-07-27 14:55:14|4||4|2019-07-27 15:40:42|1|-1.2608473999999998|36.80071220000001|OnDemAND
129|Business|20680|Bike|Express|desktop||Staff|4|2019-07-27 15:33:01|4|2019-07-27 15:33:42|4|2019-07-27 15:39:18|3|-1.2646143|36.804200200000004|OnDemAND
130|Business|17968|Bike|Express|desktop||Customer|4|2019-07-27 16:19:51|4||4|2019-07-27 17:02:24|2|-1.307121|36.835495|OnDemAND
131|Business|32692|Bike|Express|API||Staff|5|2019-07-27 15:15:05|5||5|2019-07-27 03:00:49|0|-1.3290904|36.8649943|OnDemAND
132|Personal|-1|Bike|Express|desktop||Staff|4|2019-07-27 14:36:07|4|2019-07-27 16:21:30|4|2019-07-27 16:58:22|12|-1.3152409999999999|36.8307368|OnDemAND
133|Business|31204|Bike|Express|desktop||Customer|4|2019-07-27 15:49:52|4||4|2019-07-27 15:50:19|8|-1.275439|36.792823|OnDemAND
134|Personal|-1|Bike|Standard|ios||Customer|5|2019-07-27 10:46:55|5||5|2019-07-27 10:47:08|3|-1.3025714|36.7742135|Scheduled
135|Personal|-1|Bike|Standard|ios||Customer|5|2019-07-27 13:07:44|5|2019-07-27 16:16:10|5|2019-07-27 16:40:16|8|-1.2940549|36.7702935|OnDemAND
136|Personal|-1|Bike|Express|android||Customer|5|2019-07-27 14:36:35|5||5|2019-07-27 14:37:05|17|-1.3319942|36.7068213|OnDemAND
137|Business|44524|Bike|Express|desktop||Customer|5|2019-07-27 16:49:21|5||5|2019-07-27 16:49:59|0|-1.3098869|36.85232070000001|OnDemAND
138|Business|40300|Bike|Express|desktop||Customer|5|2019-07-27 13:02:34|5||5|2019-07-27 13:17:53|0|-1.3313190000000001|36.848276|OnDemAND
139|Personal|-1|Bike|Standard|android||Staff|6|2019-07-27 18:47:48|6||6|2019-07-27 03:00:48|9|-1.2897507|36.881654299999994|OnDemAND
140|Business|32692|Bike|Express|API||Staff|6|2019-07-27 18:50:57|6||6|2019-07-27 03:00:48|0|-1.3287904|36.866794299999995|OnDemAND
141|Business|32692|Bike|Express|API||Staff|6|2019-07-27 18:53:55|6||6|2019-07-27 03:00:48|0|-1.3236903999999998|36.8766943|OnDemAND
142|Business|29236|Bike|Express|desktop||Customer|5|2019-07-27 07:14:29|5||5|2019-07-27 07:37:22|8|-1.3039062|36.828941|OnDemAND
143|Personal|-1|Bike|Standard|ios||Customer|5|2019-07-27 07:22:00|5||5|2019-07-27 08:28:07|14|-1.3032682|36.7674479|OnDemAND
144|Personal|-1|Standard Bike|Express|android||Customer|5|2019-07-27 15:16:42|5||5|2019-07-27 15:23:42|17|-1.257033|36.736623|OnDemAND
145|Business|32692|Bike|Express|API||Staff|6|2019-07-27 18:43:36|6||6|2019-07-27 03:00:49|0|-1.3321903999999998|36.867394299999994|OnDemAND
146|Business|17968|Bike|Express|desktop||Customer|5|2019-07-27 12:22:30|5||5|2019-07-27 14:49:40|3|-1.301221|36.825695|Scheduled
147|Business|14608|Bike|Express|desktop||Customer|5|2019-07-27 15:09:11|5||5|2019-07-27 15:09:29|15|-1.3322048|36.870618799999995|OnDemAND
148|Personal|-1|Bike|Standard|ios||Customer|5|2019-07-27 08:35:03|5||5|2019-07-27 08:42:34|30|-1.2220537|36.8865909|OnDemAND
149|Business|39448|Bike|Express|desktop||Staff|5|2019-07-27 15:06:55|5|2019-07-27 16:24:31|5|2019-07-27 20:08:31|28|-1.3198836999999999|36.692724|Scheduled
150|Personal|-1|Bike|Standard|ios||Staff|5|2019-07-27 10:52:21|5||5|2019-07-27 11:51:17|15|-1.3117701000000002|36.8497693|OnDemAND
151|Business|32692|Bike|Express|API||Staff|6|2019-07-27 18:37:50|6||6|2019-07-27 03:00:49|0|-1.3324904|36.8726943|OnDemAND
152|Personal|-1|Bike|Express|android||Customer|5|2019-07-27 17:50:37|5|2019-07-27 18:06:59|5|2019-07-27 18:13:17|13|-1.24694|36.666416600000005|OnDemAND
153|Business|50836|Bike|Express|desktop||Customer|5|2019-07-27 12:20:25|5||5|2019-07-27 12:28:39|10|-1.3311996000000001|36.8732935|OnDemAND
154|Business|32692|Bike|Express|API||Staff|6|2019-07-27 20:11:32|6||6|2019-07-27 03:00:48|0|-1.3247904|36.8655943|OnDemAND
155|Personal|-1|Bike|Express|ios||Customer|5|2019-07-27 12:22:48|5||5|2019-07-27 13:08:48|13|-1.2931957|36.8236596|OnDemAND
156|Personal|-1|Bike|Standard|android||Staff|5|2019-07-27 15:40:58|5|2019-07-27 16:16:10|5|2019-07-27 18:02:58|8|-1.2731143999999999|36.80973770000001|OnDemAND
157|Personal|-1|Bike|Express|ios||Customer|5|2019-07-27 08:16:41|5||5|2019-07-27 08:43:17|8|-1.2600571000000003|36.7819547|OnDemAND
158|Personal|-1|Bike|Express|android||Customer|5|2019-07-27 15:37:12|5|2019-07-27 16:11:24|5|2019-07-27 16:18:25|11|-1.2245291999999999|36.8216884|OnDemAND
159|Personal|-1|Bike|Standard|android||Customer|5|2019-07-27 20:28:12|5||5|2019-07-27 20:38:08|20|-1.2897843999999998|36.7672709|OnDemAND
160|Personal|-1|Bike|Standard|ios||Customer|5|2019-07-27 14:16:47|5||5|2019-07-27 14:25:31|19|-1.296296|36.833441|OnDemAND
161|Personal|-1|Bike|Express|ios||Staff|5|2019-07-27 16:27:25|5|2019-07-27 17:43:40|5|2019-07-27 18:14:59|16|-1.2051459999999998|36.792297600000005|OnDemAND
162|Business|16312|Bike|Standard|desktop||Customer|5|2019-07-27 08:04:32|5||5|2019-07-27 10:25:09|1|-1.2599474|36.8067122|OnDemAND
163|Personal|-1|Bike|Express|ios||Staff|6|2019-07-27 11:10:13|6||6|2019-07-27 03:00:49|18|-1.2648947|36.7657085|OnDemAND
164|Personal|-1|Bike|Standard|ios||Customer|5|2019-07-27 21:26:34|5||5|2019-07-27 21:27:27|10|-1.2674028|36.8038849|OnDemAND
165|Business|23092|Bike|Express|desktop||Customer|5|2019-07-27 14:58:18|5||5|2019-07-27 15:02:27|6|-1.306133|36.7812695|OnDemAND
166|Business|32692|Bike|Express|API||Staff|5|2019-07-27 13:43:36|5|2019-07-27 13:58:47|5|2019-07-27 15:12:02|0|-1.3248904|36.867194299999994|OnDemAND
167|Personal|-1|Bike|Express|android||Staff|5|2019-07-27 00:00:04|5||5|2019-07-27 03:00:49|0|-1.2972066|36.769042299999995|OnDemAND
168|Personal|-1|Bike|Standard|android||Customer|5|2019-07-27 08:18:12|5||5|2019-07-27 13:29:28|16|-1.2279041000000002|36.8038029|OnDemAND
169|Personal|-1|Bike|Express|desktop||Customer|5|2019-07-27 10:45:54|5||5|2019-07-27 10:58:07|14|-1.2330428|36.6674516|OnDemAND
170|Personal|-1|Bike|Standard|ios||Customer|5|2019-07-27 15:51:28|5|2019-07-27 16:16:10|5|2019-07-27 16:20:18|12|-1.3245613999999999|36.7741281|OnDemAND
171|Personal|-1|Bike|Express|ios||Customer|5|2019-07-27 14:14:02|5||5|2019-07-27 14:45:20|14|-1.3003646|36.8337542|OnDemAND
172|Business|20680|Bike|Express|android||Staff|5|2019-07-27 15:13:37|5|2019-07-27 15:13:59|5|2019-07-27 16:42:57|23|-1.230222|36.80595|OnDemAND
173|Personal|-1|Bike|Standard|android||Customer|5|2019-07-27 08:41:04|5|2019-07-27 16:10:29|5|2019-07-27 17:10:26|29|-1.24401|36.657673700000004|Scheduled
174|Business|32692|Bike|Express|API||Staff|6|2019-07-27 18:43:38|6||6|2019-07-27 03:00:48|0|-1.3253903999999999|36.8730943|OnDemAND
175|Business|32692|Bike|Express|API||Staff|6|2019-07-27 23:18:50|6||6|2019-07-27 03:00:48|0|-1.3314903999999999|36.865294299999995|OnDemAND
176|Personal|-1|Bike|Express|android||Customer|5|2019-07-27 12:36:50|5|2019-07-27 12:37:34|5|2019-07-27 13:32:20|4|-1.2873945|36.8212051|OnDemAND
177|Personal|-1|Bike|Standard|ios||Customer|5|2019-07-27 09:57:43|5||5|2019-07-27 10:05:26|7|-1.303569|36.814677|OnDemAND
178|Personal|-1|Bike|Standard|android||Customer|5|2019-07-27 13:19:36|5|2019-07-27 16:55:53|5|2019-07-27 16:59:26|19|-1.3113373|36.923947|OnDemAND
179|Business|14608|Bike|Express|desktop||Customer|5|2019-07-27 15:11:33|5||5|2019-07-27 15:22:01|15|-1.3247048000000001|36.863118799999995|OnDemAND
180|Personal|-1|Bike|Standard|android||Staff|6|2019-07-27 12:33:38|6||6|2019-07-27 03:00:49|26|-1.3576218|36.9107197|OnDemAND
181|Business|40300|Bike|Standard|desktop||Customer|5|2019-07-27 16:14:26|5||5|2019-07-27 16:25:41|5|-1.2581926|36.8011685|OnDemAND
182|Business|22996|Bike|Standard|desktop||Customer|5|2019-07-27 19:09:52|5||5|2019-07-27 19:10:59|2|-1.2967097|36.7733221|OnDemAND
183|Business|12952|Bike|Express|android||Staff|5|2019-07-27 10:08:18|5|2019-07-27 10:08:37|5|2019-07-27 10:43:34|7|-1.260836|36.827123|OnDemAND
184|Personal|-1|Bike|Standard|android||Customer|5|2019-07-27 13:30:15|5|2019-07-27 16:10:29|5|2019-07-27 17:58:01|16|-1.2344191999999998|36.80513079999999|OnDemAND
185|Business|32692|Bike|Express|API||Staff|5|2019-07-27 13:48:35|5|2019-07-27 13:49:06|5|2019-07-27 14:02:45|0|-1.3305904|36.868894299999994|OnDemAND
186|Personal|-1|Bike|Standard|ios||Customer|5|2019-07-27 18:00:27|5||5|2019-07-27 18:06:43|14|-1.3368125|36.74403770000001|OnDemAND
187|Business|40300|Bike|Express|desktop||Customer|5|2019-07-27 09:22:32|5||5|2019-07-27 09:37:39|8|-1.275328|36.816608|OnDemAND
188|Business|29236|Bike|Express|desktop||Customer|5|2019-07-27 12:30:26|5|2019-07-27 12:32:20|5|2019-07-27 12:54:15|14|-1.3203113000000002|36.8359563|OnDemAND
189|Business|17968|Bike|Standard|desktop||Customer|5|2019-07-27 16:49:57|5||5|2019-07-27 16:51:40|18|-1.250666|36.6989844|OnDemAND
190|Personal|-1|Bike|Express|ios||Staff|6|2019-07-27 12:12:22|6|2019-07-27 11:21:43|6|2019-07-27 11:50:11|10|-1.2601476|36.8324576|Scheduled
191|Business|10624|Bike|Standard|desktop||Customer|5|2019-07-27 09:50:36|5||5|2019-07-27 09:51:37|10|-1.2508407|36.8815696|OnDemAND
192|Personal|-1|Bike|Standard|android||Customer|5|2019-07-27 11:08:17|5||5|2019-07-27 14:46:26|20|-1.388259|36.926651|OnDemAND
193|Personal|-1|Bike|Standard|android||Customer|5|2019-07-27 14:27:04|5|2019-07-27 15:03:12|5|2019-07-27 15:08:16|5|-1.3041102|36.794670200000006|OnDemAND
194|Business|32692|Bike|Express|API||Staff|6|2019-07-27 22:16:50|6||6|2019-07-27 03:00:48|0|-1.3237903999999998|36.8720943|OnDemAND
195|Business|29236|Bike|Express|desktop||Customer|5|2019-07-27 09:50:57|5|2019-07-27 09:52:30|5|2019-07-27 10:02:37|8|-1.2572185|36.7870057|OnDemAND
196|Personal|-1|Bike|Express|ios||Customer|5|2019-07-27 10:24:02|5||5|2019-07-27 10:41:06|19|-1.32387|36.879828|OnDemAND
197|Personal|-1|Bike|Standard|android||Customer|5|2019-07-27 11:06:00|5||5|2019-07-27 15:13:37|15|-1.2830863000000001|36.8654645|OnDemAND
198|Business|40036|Bike|Standard|desktop||Customer|5|2019-07-27 15:08:43|5||5|2019-07-27 15:08:59|5|-1.2696506|36.7884153|OnDemAND
199|Business|17968|Bike|Express|desktop||Customer|5|2019-07-27 14:41:24|5||5|2019-07-27 17:37:28|8|-1.307721|36.827595|OnDemAND
200|Business|23728|Bike|Express|desktop||Staff|6|2019-07-27 15:43:57|6||6|2019-07-27 03:00:49|4|-1.2533895|36.7867034|OnDemAND
201|Personal|-1|Bike|Standard|android||Customer|5|2019-07-27 13:24:02|5||5|2019-07-27 14:04:10|19|-1.3310996000000002|36.8654935|OnDemAND
202|Business|32692|Bike|Express|API||Staff|5|2019-07-27 12:12:05|5||5|2019-07-27 12:50:58|0|-1.3339903999999998|36.87359429999999|OnDemAND
203|Personal|-1|Bike|Standard|android||Customer|5|2019-07-27 17:28:47|5||5|2019-07-27 17:44:49|9|-1.2395448999999998|36.8563088|OnDemAND
204|Business|20680|Bike|Standard|desktop||Customer|5|2019-07-27 15:01:56|5|2019-07-27 15:28:04|5|2019-07-27 17:15:12|6|-1.2595471999999999|36.7968633|OnDemAND
205|Business|29236|Bike|Standard|desktop||Customer|5|2019-07-27 13:24:21|5|2019-07-27 13:57:47|5|2019-07-27 14:16:02|14|-1.3231113|36.837356299999996|OnDemAND
206|Business|20680|Bike|Express|android||Customer|5|2019-07-27 08:06:55|5|2019-07-27 08:16:16|5|2019-07-27 08:23:06|6|-1.289994|36.820771|OnDemAND
207|Personal|-1|Bike|Standard|android||Customer|5|2019-07-27 09:32:14|5||5|2019-07-27 09:39:59|15|-1.3071594|36.7050329|OnDemAND
208|Business|29236|Bike|Standard|desktop||Customer|5|2019-07-27 13:48:54|5|2019-07-27 13:57:46|5|2019-07-27 14:15:45|4|-1.3239113|36.8378563|OnDemAND
209|Business|23728|Bike|Express|desktop||Staff|6|2019-07-27 18:26:25|6||6|2019-07-27 03:00:49|43|-1.2531895|36.7803034|OnDemAND
210|Personal|-1|Bike|Standard|ios||Customer|5|2019-07-27 12:01:53|5||5|2019-07-27 14:41:59|25|-1.353338|36.664879|OnDemAND
211|Business|32692|Bike|Express|API||Staff|6|2019-07-27 19:20:47|6||6|2019-07-27 03:00:48|0|-1.3284904|36.8690943|OnDemAND
212|Business|32692|Bike|Express|API||Staff|6|2019-07-27 18:50:56|6||6|2019-07-27 03:00:48|0|-1.3339903999999998|36.8732943|OnDemAND
213|Personal|-1|Bike|Standard|android||Customer|5|2019-07-27 14:53:51|5||5|2019-07-27 15:20:27|5|-1.2498219|36.7522824|OnDemAND
214|Business|29236|Bike|Express|desktop||Customer|5|2019-07-27 14:29:13|5|2019-07-27 14:30:24|5|2019-07-27 14:54:58|14|-1.3235113|36.8348563|OnDemAND
215|Personal|-1|Bike|Express|android||Customer|5|2019-07-27 10:28:11|5||5|2019-07-27 10:29:00|10|-1.3018264|36.815312299999995|OnDemAND
216|Personal|-1|Bike|Standard|android||Customer|5|2019-07-27 14:24:36|5|2019-07-27 14:27:53|5|2019-07-27 15:30:15|17|-1.252233|36.732723|OnDemAND
217|Personal|-1|Bike|Express|android||Customer|5|2019-07-27 13:02:01|5|2019-07-27 13:02:33|5|2019-07-27 13:13:03|26|-1.2642087|36.782087700000005|OnDemAND
218|Personal|-1|Bike|Express|android||Customer|5|2019-07-27 10:14:19|5|2019-07-27 10:14:30|5|2019-07-27 10:15:38|19|-1.3102264|36.8199123|OnDemAND
219|Personal|-1|Bike|Standard|android||Staff|6|2019-07-27 18:46:05|6||6|2019-07-27 03:00:48|15|-1.288316|36.8765657|OnDemAND
220|Personal|-1|Bike|Express|android||Customer|5|2019-07-27 20:57:05|5|2019-07-27 21:00:32|5|2019-07-27 21:32:17|9|-1.2105405|36.797242700000005|OnDemAND
221|Personal|-1|Bike|Express|ios||Customer|5|2019-07-27 12:04:25|5||5|2019-07-27 15:10:38|13|-1.2701846|36.8058022|OnDemAND
222|Personal|-1|Bike|Express|android||Customer|5|2019-07-27 14:17:21|5||5|2019-07-27 14:23:29|7|-1.2781339|36.8999958|OnDemAND
223|Business|20680|Bike|Express|android||Customer|5|2019-07-27 09:28:31|5|2019-07-27 10:14:24|5|2019-07-27 10:41:22|8|-1.287979|36.827797100000005|OnDemAND
224|Personal|-1|Bike|Express|android||Customer|5|2019-07-27 09:52:56|5|2019-07-27 09:54:01|5|2019-07-27 10:25:56|3|-1.2915206|36.78842720000001|OnDemAND
225|Business|20680|Bike|Standard|desktop||Customer|5|2019-07-27 17:35:05|5||5|2019-07-27 18:14:36|8|-1.2227219999999999|36.80875|OnDemAND
226|Personal|-1|Bike|Standard|android||Customer|5|2019-07-27 12:47:39|5||5|2019-07-27 13:14:15|6|-1.2995416000000002|36.7830232|OnDemAND
227|Personal|-1|Bike|Standard|android||Staff|5|2019-07-27 10:42:08|5||5|2019-07-27 16:01:38|26|-1.2796371000000002|36.9872394|OnDemAND
228|Personal|-1|Bike|Express|desktop||Customer|5|2019-07-27 18:22:23|5||5|2019-07-27 18:22:37|4|-1.2990097|36.778122100000004|OnDemAND
229|Personal|-1|Bike|Express|ios||Staff|6|2019-07-27 16:31:45|6||6|2019-07-27 03:00:49|13|-1.2748846|36.8101022|OnDemAND
230|Business|32692|Bike|Express|API||Staff|5|2019-07-27 15:29:07|5|2019-07-27 15:43:02|5|2019-07-27 16:23:33|0|-1.3238903999999998|36.8719943|OnDemAND
231|Business|30244|Bike|Standard|desktop||Staff|6|2019-07-27 12:01:37|6||6|2019-07-27 03:00:49|5|-1.3100062|36.825641|OnDemAND
232|Business|26368|Bike|Express|desktop||Staff|6|2019-07-27 15:37:18|6||6|2019-07-27 03:00:49|6|-1.2980108|36.7861135|OnDemAND
233|Personal|-1|Bike|Standard|android||Staff|5|2019-07-27 10:06:41|5||5|2019-07-27 13:26:51|6|-1.3298955|36.8494944|Scheduled
234|Personal|-1|Bike|Standard|android||Customer|5|2019-07-27 08:24:29|5|2019-07-27 09:14:10|5|2019-07-27 09:20:54|20|-1.389459|36.926251|OnDemAND
235|Business|32692|Bike|Express|API||Staff|6|2019-07-27 20:55:17|6||6|2019-07-27 03:00:48|0|-1.3274903999999998|36.8768943|OnDemAND
236|Personal|-1|Bike|Standard|android||Staff|5|2019-07-27 12:33:26|5|2019-07-27 16:16:10|5|2019-07-27 17:52:07|7|-1.2602688999999998|36.77269520000001|OnDemAND
237|Business|10624|Bike|Express|desktop||Customer|5|2019-07-27 10:03:55|5||5|2019-07-27 10:04:40|19|-1.2478407|36.8834696|Scheduled
238|Business|20680|Bike|Express|ios||Customer|5|2019-07-27 14:18:41|5|2019-07-27 14:19:30|5|2019-07-27 14:24:30|7|-1.2606143|36.796700200000004|OnDemAND
239|Business|20680|Bike|Standard|android||Staff|5|2019-07-27 13:25:58|5|2019-07-27 13:57:47|5|2019-07-27 14:18:32|14|-1.2852846000000002|36.880511299999995|OnDemAND
240|Business|58084|Bike|Standard|android||Customer|5|2019-07-27 14:42:10|5|2019-07-27 18:27:58|5|2019-07-27 18:33:13|27|-1.2609663999999998|36.8138273|Scheduled
241|Business|14992|Bike|Express|desktop||Customer|5|2019-07-27 19:47:23|5||5|2019-07-27 19:57:27|8|-1.2926197|36.758945600000004|OnDemAND
242|Personal|-1|Bike|Express|ios||Customer|5|2019-07-27 11:59:56|5||5|2019-07-27 12:09:17|9|-1.2816664|36.7622111|OnDemAND
243|Personal|-1|Bike|Standard|android||Customer|5|2019-07-27 11:43:05|5|2019-07-27 14:43:25|5|2019-07-27 14:46:21|9|-1.3026415|36.7534641|OnDemAND
244|Personal|-1|Bike|Standard|android||Customer|5|2019-07-27 08:36:39|5||5|2019-07-27 11:47:15|16|-1.3274931|36.7034102|OnDemAND
245|Personal|-1|Bike|Standard|android||Customer|5|2019-07-27 16:15:14|5||5|2019-07-27 16:21:50|21|-1.3038227|36.758139299999996|OnDemAND
246|Business|32692|Bike|Express|API||Staff|6|2019-07-27 18:37:49|6||6|2019-07-27 03:00:49|0|-1.3288904|36.8762943|OnDemAND
247|Personal|-1|Bike|Express|android||Customer|5|2019-07-27 14:11:00|5||5|2019-07-27 14:11:10|13|-1.2731741|36.8277395|OnDemAND
248|Personal|-1|Bike|Express|ios||Customer|5|2019-07-27 11:48:41|5|2019-07-27 11:49:36|5|2019-07-27 12:01:54|11|-1.2798243|36.826524799999994|OnDemAND
249|Personal|-1|Bike|Standard|android||Customer|5|2019-07-27 10:35:41|5||5|2019-07-27 15:16:23|3|-1.3022855|36.8221653|Scheduled
250|Personal|-1|Bike|Standard|android||Customer|5|2019-07-27 13:29:19|5||5|2019-07-27 13:32:17|6|-1.2977461000000001|36.758338099999996|OnDemAND
251|Business|20680|Bike|Express|android||Customer|5|2019-07-27 15:37:52|5|2019-07-27 15:45:07|5|2019-07-27 15:54:14|15|-1.230022|36.80205|OnDemAND
252|Business|20680|Bike|Standard|android||Customer|5|2019-07-27 13:24:07|5||5|2019-07-27 13:24:46|18|-1.3221958|36.8854553|OnDemAND
253|Business|32692|Bike|Express|API||Staff|6|2019-07-27 18:25:31|6||6|2019-07-27 03:00:49|0|-1.3244904|36.868894299999994|OnDemAND
254|Personal|-1|Bike|Express|android||Customer|5|2019-07-27 09:49:19|5||5|2019-07-27 09:49:31|13|-1.3240988|36.706970899999995|OnDemAND
255|Personal|-1|Bike|Standard|android||Customer|5|2019-07-27 19:30:37|5||5|2019-07-27 19:31:18|17|-1.217455|36.9090345|OnDemAND
256|Business|32692|Bike|Express|API||Staff|6|2019-07-27 23:18:56|6||6|2019-07-27 03:00:48|0|-1.3244904|36.8705943|OnDemAND
257|Business|20680|Bike|Express|desktop||Customer|5|2019-07-27 15:48:17|5|2019-07-27 15:54:55|5|2019-07-27 15:55:01|15|-1.285495|36.817464|OnDemAND
258|Business|23728|Bike|Express|desktop||Staff|6|2019-07-27 15:43:13|6||6|2019-07-27 03:00:49|12|-1.2648895|36.7892034|OnDemAND
259|Personal|-1|Bike|Standard|ios||Customer|5|2019-07-27 12:37:47|5||5|2019-07-27 12:41:08|12|-1.2957832|36.78296829999999|OnDemAND
260|Business|17968|Bike|Express|desktop||Customer|5|2019-07-27 14:22:55|5||5|2019-07-27 14:23:10|31|-1.308821|36.826595000000005|OnDemAND
261|Business|20680|Bike|Express|desktop||Customer|6|2019-07-27 12:05:05|6||6|2019-07-27 12:10:28|10|-1.2807912000000001|36.8766811|OnDemAND
262|Business|32692|Bike|Express|API||Staff|6|2019-07-27 14:43:13|6||6|2019-07-27 14:54:42|0|-1.3285904|36.871294299999995|OnDemAND
263|Business|33280|Bike|Express|desktop||Customer|6|2019-07-27 12:47:03|6||6|2019-07-27 13:29:11|6|-1.264356|36.810798|OnDemAND
264|Business|17968|Bike|Express|desktop||Staff|5|2019-07-27 10:52:49|5|2019-07-27 11:56:34|5|2019-07-27 15:36:15|4|-1.2639337|36.8064548|OnDemAND
265|Personal|-1|Bike|Express|ios||Customer|6|2019-07-27 12:58:00|6||6|2019-07-27 13:08:49|11|-1.3479066000000002|36.7676638|OnDemAND
266|Personal|-1|Bike|Express|android||Customer|6|2019-07-27 13:19:48|6|2019-07-27 13:20:25|6|2019-07-27 13:20:33|8|-1.2952709|36.8258809|OnDemAND
267|Business|29236|Bike|Express|desktop||Customer|6|2019-07-27 12:41:49|6||6|2019-07-27 12:46:14|8|-1.3031062|36.822340999999994|OnDemAND
268|Business|32692|Bike|Express|API||Staff|6|2019-07-27 11:23:38|6||6|2019-07-27 12:45:03|0|-1.3314903999999999|36.871894299999994|OnDemAND
269|Business|20680|Bike|Express|desktop||Customer|6|2019-07-27 10:27:46|6||6|2019-07-27 10:29:53|5|-1.2530958|36.7993131|OnDemAND
270|Business|22996|Bike|Express|desktop||Staff|6|2019-07-27 12:51:32|6||6|2019-07-27 14:46:42|18|-1.1482609|36.949816399999996|OnDemAND
271|Business|30004|Bike|Express|desktop||Customer|6|2019-07-27 10:54:21|6|2019-07-27 10:57:06|6|2019-07-27 10:57:29|43|-1.2455781000000001|36.885591999999995|OnDemAND
272|Personal|-1|Bike|Standard|ios||Customer|6|2019-07-27 11:44:22|6||6|2019-07-27 11:45:09|16|-1.3188263|36.7180818|OnDemAND
273|Personal|-1|Bike|Standard|ios||Customer|6|2019-07-27 09:30:27|6||6|2019-07-27 09:45:40|9|-1.3078617000000001|36.8048934|OnDemAND
274|Personal|-1|Bike|Express|ios||Customer|6|2019-07-27 11:37:47|6||6|2019-07-27 11:38:11|11|-1.2813002|36.9619775|OnDemAND
275|Business|20680|Bike|Express|ios||Customer|6|2019-07-27 13:20:43|6||6|2019-07-27 13:25:40|31|-1.288094|36.823571|OnDemAND
276|Business|32692|Bike|Express|API||Staff|6|2019-07-27 10:55:47|6||6|2019-07-27 12:44:23|0|-1.3277903999999998|36.865294299999995|OnDemAND
277|Business|32692|Bike|Express|API||Staff|6|2019-07-27 11:56:45|6||6|2019-07-27 12:45:24|0|-1.3257903999999998|36.8706943|OnDemAND
278|Personal|-1|Bike|Express|ios||Customer|6|2019-07-27 09:32:58|6||6|2019-07-27 10:47:14|14|-1.2707964|36.7950314|OnDemAND
279|Personal|-1|Bike|Express|ios||Customer|6|2019-07-27 10:51:26|6||6|2019-07-27 11:18:45|10|-1.2291733|36.7933377|OnDemAND
280|Business|17968|Bike|Express|desktop||Staff|6|2019-07-27 09:24:35|6|2019-07-27 09:25:25|6|2019-07-27 10:04:53|16|-1.3006209999999998|36.825695|OnDemAND
281|Business|32788|Bike|Standard|desktop||Customer|6|2019-07-27 12:59:24|6||6|2019-07-27 13:06:32|9|-1.3224358|36.8467971|OnDemAND
282|Business|32692|Bike|Express|API||Staff|6|2019-07-27 10:55:56|6||6|2019-07-27 12:44:49|0|-1.3276903999999998|36.869594299999996|OnDemAND
283|Business|32692|Bike|Express|API||Staff|6|2019-07-27 13:07:44|6||6|2019-07-27 13:24:24|0|-1.3256903999999998|36.872394299999996|OnDemAND
284|Business|32692|Bike|Express|API||Staff|6|2019-07-27 10:05:21|6||6|2019-07-27 12:43:52|0|-1.3255903999999998|36.874494299999995|OnDemAND
285|Personal|-1|Bike|Standard|ios||Customer|6|2019-07-27 09:15:41|6|2019-07-27 09:27:52|6|2019-07-27 09:28:37|9|-1.3148617|36.8072934|OnDemAND
286|Personal|-1|Bike|Standard|android||Staff|6|2019-07-27 15:19:53|6|2019-07-27 16:16:51|6|2019-07-27 18:11:27|14|-1.3225554|36.8312661|OnDemAND
287|Business|32692|Bike|Express|API||Staff|6|2019-07-27 10:55:47|6||6|2019-07-27 12:44:35|0|-1.3239903999999998|36.865094299999996|OnDemAND
288|Personal|-1|Bike|Standard|android||Customer|6|2019-07-27 13:13:35|6||6|2019-07-27 13:17:21|5|-1.269488|36.805458|OnDemAND
289|Personal|-1|Bike|Express|ios||Customer|6|2019-07-27 06:55:17|6||6|2019-07-27 07:46:20|8|-1.2875226|36.819446899999996|OnDemAND
290|Business|33280|Bike|Express|desktop||Staff|6|2019-07-27 13:29:51|6|2019-07-27 14:05:06|6|2019-07-27 15:33:52|6|-1.273256|36.805298|OnDemAND
291|Personal|-1|Bike|Express|ios||Customer|6|2019-07-27 16:09:45|6|2019-07-27 16:10:30|6|2019-07-27 16:35:09|24|-1.3445066|36.766663799999996|OnDemAND
292|Business|30004|Bike|Express|desktop||Customer|6|2019-07-27 10:46:25|6||6|2019-07-27 10:48:09|43|-1.2442781|36.885092|OnDemAND
293|Personal|-1|Bike|Standard|ios||Customer|6|2019-07-27 12:47:32|6||6|2019-07-27 12:51:46|11|-1.3425066|36.7603638|OnDemAND
294|Business|30004|Bike|Express|desktop||Customer|6|2019-07-27 10:51:31|6|2019-07-27 10:52:12|6|2019-07-27 10:52:55|43|-1.2508781|36.879391999999996|OnDemAND
295|Business|45724|Bike|Standard|android||Customer|6|2019-07-27 13:00:26|6|2019-07-27 15:55:24|6|2019-07-27 15:57:31|9|-1.3249263|36.714281799999995|OnDemAND
296|Personal|-1|Bike|Express|android||Customer|6|2019-07-27 10:20:55|6|2019-07-27 10:21:24|6|2019-07-27 10:24:34|33|-1.2839895000000001|36.8286908|OnDemAND
297|Personal|-1|Bike|Express|ios||Customer|6|2019-07-27 13:56:55|6||6|2019-07-27 13:59:11|4|-1.2745945|36.797866799999994|OnDemAND
298|Personal|-1|Bike|Standard|ios||Customer|6|2019-07-27 10:39:14|6||6|2019-07-27 10:48:55|13|-1.2289149|36.8087169|OnDemAND
299|Personal|-1|Bike|Express|ios||Customer|6|2019-07-27 11:19:37|6||6|2019-07-27 11:33:04|10|-1.2331733|36.7967377|OnDemAND
300|Business|32692|Bike|Express|API||Staff|6|2019-07-27 10:50:37|6||6|2019-07-27 10:51:39|0|-1.3333903999999999|36.8704943|OnDemAND
301|Personal|-1|Bike|Standard|android||Customer|6|2019-07-27 11:48:37|6|2019-07-27 16:16:51|6|2019-07-27 17:44:49|13|-1.2707055|36.844317600000004|Scheduled
302|Business|32692|Bike|Express|API||Staff|6|2019-07-27 10:04:58|6|2019-07-27 12:01:28|6|2019-07-27 12:15:46|0|-1.3306904|36.876394299999994|OnDemAND
303|Personal|-1|Bike|Standard|android||Customer|6|2019-07-27 14:31:26|6||6|2019-07-27 15:16:07|11|-1.2850164|36.872524799999994|OnDemAND
304|Personal|-1|Bike|Express|android||Customer|6|2019-07-27 18:45:15|6||6|2019-07-27 18:57:08|17|-1.2622605|36.8052777|OnDemAND
305|Personal|-1|Bike|Standard|ios||Customer|6|2019-07-27 21:41:19|6||6|2019-07-27 21:43:35|22|-1.2952706|36.7787174|Scheduled
306|Personal|-1|Bike|Standard|android||Staff|7|2019-07-27 22:04:54|7||7|2019-07-27 03:00:48|19|-1.2263082|36.7397696|OnDemAND
307|Business|19924|Bike|Express|desktop||Staff|7|2019-07-27 17:06:13|7|2019-07-27 17:13:43|7|2019-07-27 03:00:48|8|-1.2957334999999999|36.7578946|OnDemAND
308|Personal|-1|Bike|Standard|android||Staff|7|2019-07-27 22:03:56|7||7|2019-07-27 03:00:48|19|-1.23318|36.73608|OnDemAND
309|Personal|-1|Bike|Standard|android||Customer|6|2019-07-27 18:29:00|6||6|2019-07-27 18:29:29|34|-1.2635393|36.911304799999996|Scheduled
310|Personal|-1|Bike|Standard|ios||Customer|6|2019-07-27 15:58:51|6|2019-07-27 16:16:51|6|2019-07-27 16:59:08|17|-1.2604958|36.725902500000004|OnDemAND
311|Personal|-1|Bike|Standard|ios||Customer|6|2019-07-27 18:26:23|6||6|2019-07-27 18:28:30|4|-1.2948446000000002|36.7636971|OnDemAND
312|Personal|-1|Bike|Express|ios||Staff|7|2019-07-27 18:52:45|7||7|2019-07-27 03:00:48|2|-1.2567583999999998|36.8128506|OnDemAND
313|Business|20680|Bike|Express|ios||Customer|6|2019-07-27 16:55:10|6||6|2019-07-27 19:55:19|32|-1.2132459999999998|36.7940976|OnDemAND
314|Personal|-1|Bike|Express|android||Customer|7|2019-07-27 16:10:58|7||7|2019-07-27 16:12:29|11|-1.287184|36.766372|Scheduled
315|Personal|-1|Bike|Standard|android||Customer|7|2019-07-27 10:29:21|7||7|2019-07-27 13:44:10|9|-1.2877797|36.8260193|Scheduled
316|Personal|-1|Bike|Standard|ios||Customer|7|2019-07-27 19:15:40|7||7|2019-07-27 21:09:03|30|-1.2101514|36.80091420000001|OnDemAND
317|Personal|-1|Bike|Express|android||Customer|7|2019-07-27 15:13:44|7|2019-07-27 15:41:25|7|2019-07-27 18:37:45|8|-1.2649065000000002|36.8008742|OnDemAND
318|Personal|-1|Bike|Express|android||Customer|7|2019-07-27 10:07:01|7||7|2019-07-27 10:09:27|17|-1.2215018|36.8737436|OnDemAND
319|Personal|-1|Bike|Standard|desktop||Customer|7|2019-07-27 21:33:09|7||7|2019-07-27 21:34:51|9|-1.3086585|36.8212065|Scheduled
320|Personal|-1|Bike|Express|ios||Customer|7|2019-07-27 13:57:17|7||7|2019-07-27 14:29:05|6|-1.2623091|36.8213966|OnDemAND
321|Personal|-1|Bike|Standard|android||Customer|7|2019-07-27 12:50:02|7|2019-07-27 14:57:19|7|2019-07-27 14:57:26|9|-1.289954|36.769213|OnDemAND
322|Personal|-1|Bike|Express|android||Customer|7|2019-07-27 11:44:57|7||7|2019-07-27 12:19:13|26|-1.2769005|36.824040600000004|OnDemAND
323|Personal|-1|Bike|Express|android||Staff|1|2019-07-27 19:17:21|1||1|2019-07-27 03:00:34|10|-1.3206584|36.829238399999994|OnDemAND
324|Personal|-1|Bike|Express|android||Staff|7|2019-07-27 00:00:04|7||7|2019-07-27 03:00:48|0|-1.3055066|36.775842299999994|OnDemAND
325|Personal|-1|Bike|Standard|android||Staff|7|2019-07-27 06:15:12|7|2019-07-27 08:27:31|7|2019-07-27 10:49:54|3|-1.2853419|36.770167|Scheduled
326|Personal|-1|Bike|Standard|desktop||Customer|7|2019-07-27 16:33:09|7||7|2019-07-27 16:33:57|17|-1.2749641999999999|36.9119533|OnDemAND
327|Personal|-1|Bike|Standard|android||Customer|7|2019-07-27 13:00:13|7||7|2019-07-27 13:20:01|10|-1.3243903000000001|36.8499491|OnDemAND
328|Personal|-1|Bike|Standard|android||Customer|7|2019-07-27 08:07:50|7||7|2019-07-27 08:31:51|22|-1.2971388000000001|36.7900436|OnDemAND
